{
    "ids": "324551,323134,324723,322999,305462,324722,309721,314824,331492,325270,334710,334683,335249",
    "lat_sede": 10.487110,
    "lon_sede": -66.867390
}