{
	"ids": "330238,330866,331233,330886,331442,328609,331231,328968,330225,330888,329769,314811,329084,328484,328473,328462,328443,328493,329083,328477,319360,319363,319324,319346,319321,328653,328614,324946",
	"lat_sede": 10.220410,
	"lon_sede": -67.577930
}