{
        "ids": "310616,314795,314776,314833,319395,305415,309255,309249,310336,318804,328456,331914,328482,331912,328643,333203,314823,328646,330858,324950,328705,319373,310530,328611,334709,314772,327390,309737",
        "lat_sede": 10.420870,  
        "lon_sede": -66.864310
}