{
    "ids": "328601,307300,307317,307301,301893,310389,310494,310629,318795,310460,334708,319412,309599,328471,330208",
    "sede_coords": [
        [10.9523,-63.8631] 
    ],
      "resguardo_secundario_coords": [
        [10.975240, -63.836670],  
        [10.998350, -63.799700], 
        [11.004710, -63.798210] 
   ],
     "vertedero_coords": [
	[10.9708, -64.00169] 
   ]
}
