{
        "ids": "302005,335250,322991,301848,323144,301931,301873,301975,301891,308190,314809,319378,307304",
        "lat_sede": 10.191370,
        "lon_sede": -67.961420
}